date,信号数,次日收涨率,可盈利卖出率,平均最大可卖收益,平均次日收盘收益,次日大盘涨跌
2025-09-10,19.0,0.5263157894736842,0.7368421052631579,0.04426210040938519,0.013546752252268266,0.016549412153548326
2025-09-11,149.0,0.44966442953020136,0.9530201342281879,0.033220989621396246,0.004623056979909801,-0.0012153866400365088
2025-09-12,49.0,0.3469387755102041,0.8367346938775511,0.028745517240605166,-0.0059278747049356165,-0.0026094145610499053
2025-09-15,40.0,0.475,0.825,0.02348402381032148,0.004179440553934657,0.000354876311358554
2025-09-16,92.0,0.4782608695652174,0.8369565217391305,0.03470869423215838,0.010866052515124397,0.0037468894602874503
2025-09-17,83.0,0.3132530120481928,0.8433734939759037,0.04050957946890011,-0.009637470324350469,-0.011526336699051232
2025-09-18,5.0,0.0,0.4,-0.06084418940576368,-0.09675283680623784,-0.0030195789814335683
2025-09-19,14.0,0.2857142857142857,0.7142857142857143,0.020693968172915404,0.0010846998299642624,0.0022224607273650943
2025-09-22,67.0,0.29850746268656714,0.7611940298507462,0.016610445588460393,-0.014481208600815122,-0.0017630557543527603
2025-09-23,61.0,0.7868852459016393,0.8852459016393442,0.05759105582068993,0.029564044836378357,0.008323237820625273
2025-09-24,77.0,0.2987012987012987,0.7662337662337663,0.0173862064220274,-0.006309451784367164,-8.82282724903316e-05
2025-09-25,24.0,0.3333333333333333,0.75,0.029150288560716348,-0.012905407227141836,-0.006537253782472163
2025-09-26,3.0,0.3333333333333333,1.0,0.024383415525576286,0.0014198009126737965,0.00899138217031381
2025-09-29,53.0,0.6415094339622641,0.9811320754716981,0.04850436575436935,0.024323989625906952,0.005242677726774891
2025-09-30,70.0,0.6714285714285714,0.9571428571428572,0.05041063279970497,0.021836956047091932,0.013183852806494256
2025-10-09,119.0,0.17647058823529413,0.5294117647058824,0.007934966916659233,-0.02321028976771594,-0.009390005516056184
2025-10-10,22.0,0.5,0.7272727272727273,0.026366251489810512,0.010291299762758605,-0.0019322407063840918
2025-10-13,106.0,0.14150943396226415,0.8679245283018868,0.029342216868740695,-0.0329898680306225,-0.00623987659082148
2025-10-14,12.0,0.16666666666666666,0.75,0.022075182597390164,-0.019545115245859973,0.012154516031387619
2025-10-15,59.0,0.23728813559322035,0.7627118644067796,0.018480102646551803,-0.015436143343659814,0.0010275522019522754
2025-10-16,19.0,0.2631578947368421,0.5789473684210527,0.019433335131564013,-0.028726292177341607,-0.019526432308623276
2025-10-17,2.0,0.5,1.0,0.05053715421065352,0.015008141335424552,0.006284246932099835
2025-10-20,16.0,0.4375,0.8125,0.016235567329414932,-0.0067761510038264194,0.01357181493261983
2025-10-21,31.0,0.41935483870967744,0.8709677419354839,0.022450012018602198,-0.005806839290172736,-0.0006562266203307132
2025-10-22,26.0,0.34615384615384615,0.5384615384615384,0.02021822613836776,-0.010060177208403524,0.0022101508523770796
2025-10-23,28.0,0.6071428571428571,0.75,0.04203320034527231,0.02537027950725404,0.007112973911447273
2025-10-24,98.0,0.5918367346938775,0.9387755102040817,0.03456220626030591,0.009512149836079307,0.01180413689052262
2025-10-27,95.0,0.4,0.7684210526315789,0.01775492272213636,-0.00494723111259054,-0.0021816689767673036
2025-10-28,46.0,0.45652173913043476,0.8043478260869565,0.025547102099808358,0.007816290695736418,0.007048257117210133
2025-10-29,100.0,0.34,0.73,0.023991947807060647,-0.01167743043664874,-0.007327585133691694
2025-10-30,15.0,0.4,0.6666666666666666,0.026815318484653076,-0.008539912528432137,-0.008053876445358599
2025-10-31,69.0,0.5797101449275363,0.8985507246376812,0.02843946940255041,0.007995579432393483,0.0054946027475542
2025-11-03,82.0,0.24390243902439024,0.6829268292682927,0.01714718935492671,-0.013139917200676792,-0.004106605775904493
2025-11-04,22.0,0.5454545454545454,0.6818181818181818,0.02580620179964038,0.007933543674745969,0.002287769021183328
2025-11-05,59.0,0.4576271186440678,0.847457627118644,0.029540098252004928,0.006048714805413776,0.009702084776721076
2025-11-06,32.0,0.53125,0.78125,0.03739671770202246,0.015397717241610733,-0.0025450625785975456
2025-11-07,34.0,0.5,0.9117647058823529,0.03882014557909626,0.0046816158194268095,0.005263210558440701
2025-11-10,40.0,0.35,0.85,0.02353703381302089,-0.004662659212216572,-0.003941671228786081
2025-11-11,36.0,0.25,0.6111111111111112,0.013393798140803511,-0.01581002528277183,-0.0006545483616305914
2025-11-12,32.0,0.34375,0.6875,0.02407235084384042,0.004918188272829659,0.007339743108991215
2025-11-13,44.0,0.3181818181818182,0.7272727272727273,0.024821007512651493,-0.008392897301063858,-0.009681101873681652
2025-11-14,12.0,0.16666666666666666,0.8333333333333334,0.027222584492767793,-0.008026327198529748,-0.004625998310984314
2025-11-17,41.0,0.2682926829268293,0.6097560975609756,0.013950505417651431,-0.021816524191052518,-0.008111721210564915
2025-11-18,14.0,0.14285714285714285,0.5714285714285714,0.011171725470998714,-0.020830695140246984,0.0017589680720644374
2025-11-19,19.0,0.3684210526315789,0.6842105263157895,0.024561048757598593,-0.00962792841734315,-0.003975432888915775
2025-11-20,10.0,0.2,0.6,0.008059985929481428,-0.04226365778456378,-0.02446165782678933
2025-11-21,5.0,0.8,1.0,0.08401971866924333,0.059135971173031335,0.0004902357042835259
2025-11-24,56.0,0.4642857142857143,0.8392857142857143,0.0301481598518881,0.007551151761345986,0.008666143657295011
2025-11-25,23.0,0.30434782608695654,0.782608695652174,0.029600491220448423,-0.002730472833373581,-0.00150903612901232
2025-11-26,9.0,0.2222222222222222,0.7777777777777778,0.010118010028012566,-0.013103955661634494,0.0028673612512875035
2025-11-27,17.0,0.5294117647058824,0.7647058823529411,0.024744306847150597,0.008766937204215886,0.0034423496746023297
2025-11-28,54.0,0.5185185185185185,0.8703703703703703,0.02738508410580127,0.0015106683590559568,0.00653448541891688
2025-12-01,87.0,0.2413793103448276,0.632183908045977,0.011706822472207537,-0.012767724646191659,-0.0041645269174069854
2025-12-02,20.0,0.3,0.7,0.02063301983769933,-0.009520067462861959,-0.005056815412126658
2025-12-03,15.0,0.2,0.5333333333333333,0.003408591615161079,-0.02635635607263104,-0.0005698813821557458
2025-12-04,28.0,0.5714285714285714,0.7142857142857143,0.02776100787430991,0.009044159022733284,0.006971481943036206
2025-12-05,93.0,0.6666666666666666,0.9354838709677419,0.04272603277386279,0.015060905807981018,0.0054499194170354315
2025-12-08,69.0,0.3333333333333333,0.855072463768116,0.02248380910660238,-0.004797508636611333,-0.0037104238445698767
2025-12-09,20.0,0.3,0.65,0.007304368620420343,-0.015450445710553484,-0.00230718860627388
2025-12-10,60.0,0.26666666666666666,0.7833333333333333,0.025760995889101693,-0.01104659359996736,-0.00696833739264191
2025-12-11,19.0,0.7368421052631579,0.9473684210526315,0.0607038598267306,0.03908273089269472,0.004138568463230463
2025-12-12,102.0,0.3235294117647059,0.7156862745098039,0.022936889616787276,-0.010176809555758651,-0.005509918109709799
2025-12-15,13.0,0.38461538461538464,0.6153846153846154,0.01005763382929065,-0.02660947243492228,-0.011145525243541732
2025-12-16,17.0,0.17647058823529413,0.5882352941176471,0.01371886251314893,-0.015697920994273442,0.011888172222934035
2025-12-17,41.0,0.0975609756097561,0.7317073170731707,0.008929211763846931,-0.023220077728943876,0.0015735295637524516
2025-12-18,5.0,0.8,1.0,0.12312346167293478,0.05945426760561421,0.0036322642059452015
2025-12-19,45.0,0.3333333333333333,0.8888888888888888,0.023145954923274523,-0.0008900979406978118,0.0069169376293232165
2025-12-22,34.0,0.3235294117647059,0.7647058823529411,0.029065047926869515,-0.00012953106567186964,0.0006688177752363078
2025-12-23,38.0,0.5263157894736842,0.8421052631578947,0.03538988468919783,0.019379484012695514,0.005349517089372924
2025-12-24,122.0,0.5245901639344263,0.9180327868852459,0.027498704748527506,0.009236649626917419,0.004737436404927742
2025-12-25,118.0,0.3559322033898305,0.8220338983050848,0.0236419230652746,-0.00145123692398639,0.0010253509175122133
2025-12-26,51.0,0.29411764705882354,0.7843137254901961,0.025768445346082473,-0.005865633430896418,0.0004036652807493102
2025-12-29,30.0,0.3333333333333333,0.8,0.032003423182263686,-0.005158226207404356,-4.035024008397503e-05
2025-12-30,45.0,0.24444444444444444,0.7111111111111111,0.016056852736034875,-0.011903080012230347,0.000938180937777533
2025-12-31,48.0,0.6041666666666666,0.9166666666666666,0.04041586553562876,0.01693181595614743,0.013752129085576659
2026-01-05,125.0,0.656,0.856,0.023109954547035932,0.009913926780021577,0.014974822414761668
2026-01-06,100.0,0.39,0.77,0.02671984697765202,0.00023856133048626326,0.0005142433154490256
2026-01-07,76.0,0.4868421052631579,0.868421052631579,0.031319476706881934,0.005974457360311551,-0.0006828578211696135
2026-01-08,90.0,0.7555555555555555,0.9444444444444444,0.05472043245585333,0.027730303799159105,0.00917222224943548
2026-01-09,227.0,0.748898678414097,0.9515418502202643,0.06249927657078454,0.045831906579594725,0.010887213227745551
2026-01-12,395.0,0.11645569620253164,0.7240506329113924,0.01756911541454453,-0.031047169142944843,-0.006369304418179733
2026-01-13,15.0,0.3333333333333333,0.8666666666666667,0.033492154296454864,-0.009269665981045208,-0.003061303385555103
2026-01-14,48.0,0.25,0.6875,0.017939278816659035,-0.015528613440426242,-0.003269439105787697
2026-01-15,45.0,0.6666666666666666,0.9555555555555556,0.04606912668588941,0.016382148864429718,-0.0025993288916987822
2026-01-16,95.0,0.4421052631578947,0.8421052631578947,0.027768471028264248,0.00046713302427295236,0.002947407427271731
2026-01-19,74.0,0.2702702702702703,0.8108108108108109,0.022899414296636496,-0.01072931789956515,-8.507535245516618e-05
2026-01-20,29.0,0.6206896551724138,0.8275862068965517,0.04143493875523359,0.016492935381831015,0.0007997763543325931
2026-01-21,108.0,0.37962962962962965,0.9166666666666666,0.0320538313001315,0.0023850239683251406,0.0013699495256185301
2026-01-22,56.0,0.4642857142857143,0.6785714285714286,0.03242695450879218,0.012425357759815224,0.003294053723639001
2026-01-23,156.0,0.23717948717948717,0.7948717948717948,0.025415909483964615,-0.021876481146432612,-0.0008582840122239865
2026-01-26,51.0,0.17647058823529413,0.47058823529411764,0.004986071285526828,-0.024064873895598107,0.001764018380636001
2026-01-27,90.0,0.4,0.7555555555555555,0.029066791916466952,-0.004359803984373771,0.00273919659895161
2026-01-28,66.0,0.2878787878787879,0.7878787878787878,0.03373283557255223,-0.018014676355094184,0.0016236112583227769
2026-01-29,18.0,0.05555555555555555,0.2777777777777778,-0.00212264709929521,-0.040081978724573565,-0.009627270934444043
2026-01-30,33.0,0.12121212121212122,0.6666666666666666,0.01153337675595588,-0.041109040473152815,-0.024818174091477463
2026-02-02,5.0,1.0,1.0,0.06149598411108333,0.06028786655371441,0.01294652306542976
2026-02-03,100.0,0.39,0.69,0.023030575582010878,-0.007737852960648871,0.008471534562189298
2026-02-04,21.0,0.38095238095238093,0.6666666666666666,0.0229469395520907,-0.01222346041248785,-0.006406318560772228
2026-02-05,26.0,0.34615384615384615,0.6538461538461539,0.020957600223192742,-0.013160681276353246,-0.0025368505760663407
2026-02-06,7.0,0.8571428571428571,1.0,0.04206086702011823,0.029143126637152843,0.01414558316402581
2026-02-09,62.0,0.3064516129032258,0.7419354838709677,0.02784873652582027,-0.0014186144877294472,0.0012805929533432625
2026-02-10,47.0,0.3617021276595745,0.7872340425531915,0.02424955023715372,-0.004354264600313175,0.0008744371265172468
2026-02-11,16.0,0.5,0.8125,0.020078614064086377,0.0024442237446065523,0.0004937100373187953
2026-02-12,51.0,0.2549019607843137,0.7058823529411765,0.01973446865858757,-0.011446205353908442,-0.012566460733136386
2026-02-13,14.0,0.21428571428571427,0.6428571428571429,0.0038895649924383102,-0.036478372796010135,0.008657372362551374
2026-02-24,62.0,0.6774193548387096,0.9032258064516129,0.03619365238739398,0.02016952199940841,0.007242416956290354
2026-02-25,74.0,0.5405405405405406,0.9054054054054054,0.02860050914614717,0.011545526843019254,-0.00014467487937719348
2026-02-26,113.0,0.34513274336283184,0.584070796460177,0.015484650607652781,0.002226550802511325,0.003918844941555033
2026-02-27,108.0,0.2962962962962963,0.6944444444444444,0.022256817638307447,-0.007916598166492483,0.0047347028979936034
2026-03-02,59.0,0.15254237288135594,0.6101694915254238,0.013592633379619537,-0.05078211048811475,-0.014323660698275398
2026-03-03,10.0,0.1,0.3,-0.015344086188181328,-0.05805187963418294,-0.009753364316415603
2026-03-04,29.0,0.41379310344827586,0.8275862068965517,0.024797341131835647,-0.003422352636177153,0.006393188437392006
2026-03-05,25.0,0.56,0.84,0.027821733046567244,0.006812021007235929,0.0038018093886680315
2026-03-06,45.0,0.4666666666666667,0.6888888888888889,0.029623318636404057,0.0004089759695953981,-0.006689798481641085
2026-03-09,50.0,0.58,0.82,0.037905299867543846,0.01703438520059764,0.00647854318215102
2026-03-10,65.0,0.35384615384615387,0.9230769230769231,0.030796034174964154,0.0038088900341290703,0.0024956707751859764
2026-03-11,61.0,0.4426229508196721,0.7704918032786885,0.02642781221490603,-0.00021684680837815045,-0.0010475561458642701
2026-03-12,49.0,0.32653061224489793,0.7346938775510204,0.027256392428946796,-0.014977662533064515,-0.008149475672664885
2026-03-13,7.0,0.7142857142857143,1.0,0.03690955050975148,0.019736743720649676,-0.002602888571463402
2026-03-16,38.0,0.15789473684210525,0.7631578947368421,0.01690860887662026,-0.03355332833284282,-0.00853899466068031
2026-03-17,6.0,0.0,0.3333333333333333,-0.01310368076133476,-0.04032974966258723,0.003227232210098574
2026-03-18,37.0,0.1891891891891892,0.7027027027027027,0.01774409551342505,-0.02224851599306101,-0.01388882052089846
2026-03-19,5.0,0.2,0.6,0.0030414745267452357,-0.023987769512180224,-0.012354769065655025
2026-03-20,7.0,0.2857142857142857,0.5714285714285714,0.029505225069136776,-0.017142128255862126,-0.03633262152360972
2026-03-23,4.0,0.5,1.0,0.05109295852716905,0.035254073021113,0.01783241723660467
2026-03-24,39.0,0.6410256410256411,0.8717948717948718,0.0519038355716142,0.023536349299363293,0.013026630389974425
2026-03-25,30.0,0.3333333333333333,0.7,0.018440220928500724,-0.012500857208376903,-0.010875315373972572
2026-03-26,14.0,0.5714285714285714,0.7857142857142857,0.04198564917200398,0.01838720921429332,0.006335688646157855
2026-03-27,44.0,0.5,0.75,0.015279156973839319,-0.005276257423547383,0.0024452439111637414
2026-03-30,80.0,0.275,0.7875,0.02539973188452002,-0.016123483547708577,-0.008011133512944468
2026-03-31,12.0,0.3333333333333333,0.5833333333333334,0.012967349180218626,-0.00861309621187642,0.014566299918290948
2026-04-01,104.0,0.3269230769230769,0.7596153846153846,0.021456270495503353,-0.006767938524334904,-0.007410315178989824
2026-04-02,15.0,0.4,0.8,0.03119456800176375,-0.0008388239663676966,-0.009999260070063687
2026-04-03,21.0,0.47619047619047616,0.9047619047619048,0.04451155112632471,0.00962397366118634,0.0025927166825596704
2026-04-07,33.0,0.8181818181818182,0.9090909090909091,0.04704070105514513,0.03262003052258259,0.02695004832706105
2026-04-08,136.0,0.39705882352941174,0.7794117647058824,0.0289321619585773,0.004467942860380386,-0.007216520650813463
2026-04-09,43.0,0.2558139534883721,0.7674418604651163,0.01643534885780028,-0.014991883641109191,0.005055254817619925
2026-04-10,24.0,0.625,0.8333333333333334,0.018822991414546793,0.0015784684195579712,0.0005870222917951917
2026-04-13,76.0,0.618421052631579,0.881578947368421,0.038298993771750715,0.015454947549805633,0.009544798122630871
2026-04-14,144.0,0.2361111111111111,0.8611111111111112,0.023359299825914295,-0.014091565443556078,0.00014404104673126916
2026-04-15,37.0,0.3783783783783784,0.5675675675675675,0.011044697259795925,-0.001914722999633905,0.0070371299236942075
2026-04-16,101.0,0.6039603960396039,0.8514851485148515,0.030873998152633773,0.01314544975123787,-0.0010158918025916508
2026-04-17,85.0,0.5411764705882353,0.9176470588235294,0.034211661485200474,0.009814321509290874,0.007577571376032655
2026-04-20,104.0,0.375,0.7596153846153846,0.02200231301725454,-0.0013978280951438932,0.0007226619436422332
2026-04-21,65.0,0.676923076923077,0.8307692307692308,0.03066055264013809,0.011135827025509953,0.005184720984656499
2026-04-22,120.0,0.19166666666666668,0.8333333333333334,0.02071560838944746,-0.018663072818401908,-0.0031683332278034104
2026-04-23,43.0,0.27906976744186046,0.5348837209302325,0.017151664610057737,-0.015067298807119624,-0.003261467049410549
2026-04-24,45.0,0.4444444444444444,0.7555555555555555,0.02405656026837031,-0.0028095142061499902,0.001578470060540793
2026-04-27,71.0,0.28169014084507044,0.7323943661971831,0.018106432195099612,-0.016055447940725474,-0.001884326805894787
2026-04-28,27.0,0.5185185185185185,0.7777777777777778,0.03516741474943153,0.010672067486555803,0.0070783398387699314
2026-04-29,54.0,0.4074074074074074,0.7407407407407407,0.024953379509044932,-0.0022963580313927283,0.001132072715586796
2026-04-30,47.0,0.8723404255319149,1.0,0.0623538146472085,0.035403024093514875,0.011675129372398008
2026-05-06,113.0,0.6106194690265486,0.8938053097345132,0.038975181502097715,0.01613065785379193,0.004788265864135388
2026-05-07,235.0,0.6170212765957447,0.8382978723404255,0.03467657303327253,0.013919869611351228,-3.349210184477869e-05
2026-05-08,112.0,0.625,0.9732142857142857,0.04893192757774695,0.02138192310721727,0.010782425627100967
2026-05-11,176.0,0.32386363636363635,0.7386363636363636,0.020953281314797453,-0.006812248472285545,-0.0024922958944574303
2026-05-12,70.0,0.6142857142857143,0.8714285714285714,0.04288113292915522,0.020411784522337082,0.006662727874547025
2026-05-13,204.0,0.21568627450980393,0.8872549019607843,0.028553930309034383,-0.020999221383174324,-0.015238405023370148
2026-05-14,14.0,0.2857142857142857,1.0,0.03805329553537208,-0.010238943730638399,-0.01017970664828427
2026-05-15,21.0,0.42857142857142855,0.7142857142857143,0.03536554483242115,0.008730471938691867,-0.0009334065227223354
2026-05-18,54.0,0.5555555555555556,0.8888888888888888,0.038999325194770625,0.017939007558776542,0.00919998160487756
2026-05-19,128.0,0.46875,0.75,0.03208472602025171,0.003492463384929474,-0.0017651827299892675
2026-05-20,97.0,0.12371134020618557,0.8969072164948454,0.035287232317004556,-0.050608587537026024,-0.02039796452820397
2026-05-21,9.0,0.4444444444444444,0.8888888888888888,0.02773438920693337,-0.001005675509996282,0.00873621630106336
2026-05-22,126.0,0.5476190476190477,0.9365079365079365,0.04492800072779842,0.0137012049589174,0.009645262466872584
2026-05-25,125.0,0.2,0.616,0.014399767034499767,-0.02272903230429171,-0.0017338660155036267
2026-05-26,42.0,0.2619047619047619,0.8095238095238095,0.028908210938477112,-0.02460517052310837,-0.01245727160663579
2026-05-27,22.0,0.5,0.8636363636363636,0.0464043717266642,0.006475460308813862,0.00119939517261769
2026-05-28,70.0,0.11428571428571428,0.7,0.018171117323931354,-0.057123373775768926,-0.007336579938711396
2026-05-29,11.0,0.36363636363636365,0.6363636363636364,0.015734667670052514,-0.007469875388127792,-0.0026618689121731265
2026-06-01,19.0,0.15789473684210525,0.42105263157894735,0.003650017418642483,-0.03412131751766934,0.004278243554293848
2026-06-02,14.0,0.5,0.8571428571428571,0.054587418648170336,0.01424581325424493,0.002176633702240416
2026-06-03,24.0,0.4166666666666667,0.7083333333333334,0.027604879415678813,-0.008306218720951655,-0.0064128776656047215
2026-06-04,52.0,0.40384615384615385,0.7115384615384616,0.031193762320954103,-0.012307439541964706,-0.00740306275845426
2026-06-05,16.0,0.375,0.6875,0.02870790984772567,-0.028333856912023295,-0.016982228247106268
2026-06-08,21.0,0.3333333333333333,0.6190476190476191,0.011474015402687162,-0.01067641890457254,0.01280263882364241
2026-06-09,99.0,0.37373737373737376,0.7070707070707071,0.028629123248128698,-0.009470086705140745,-0.004189494841684516
2026-06-10,25.0,0.56,0.76,0.04429117768159021,0.0028911226393559587,-0.0015576362994367265
2026-06-11,41.0,0.4634146341463415,0.8780487804878049,0.05280733995639448,-0.009954385156441325,0.01116124614686198
2026-06-12,26.0,0.6153846153846154,0.8846153846153846,0.019327893399910416,0.004921104368051949,0.016113069296615823
2026-06-15,125.0,0.648,0.912,0.046691153703800795,0.02142322419919577,-0.001118035772262549
2026-06-16,125.0,0.488,0.8,0.029378652802413502,0.006566384549898289,0.003956606849157662
2026-06-17,118.0,0.5677966101694916,0.8305084745762712,0.043237502296063,0.013147384962160094,-0.004284239839535742
2026-06-18,88.0,0.4318181818181818,0.8863636363636364,0.035810196363300066,0.0024194818600032668,0.01775341769181127
2026-06-22,157.0,0.267515923566879,0.6624203821656051,0.020838289651743037,-0.026454011102220423,-0.013655689270015259
2026-06-23,12.0,0.5,0.8333333333333334,0.03085709452051681,-0.0034715213533101363,0.0011105022831050526
2026-06-24,122.0,0.5491803278688525,0.9016393442622951,0.0500338893678264,0.014680909211679843,0.0023036822426723003
2026-06-25,56.0,0.23214285714285715,0.6607142857142857,0.02369664127072301,-0.028774898297743413,-0.022576135602434655
2026-06-26,12.0,0.3333333333333333,0.75,0.03547385402859191,-0.0214154701487555,0.011581074974051697
2026-06-29,41.0,0.6585365853658537,0.8292682926829268,0.03870797454779381,0.01419332942734526,0.005032033186872509
2026-06-30,85.0,0.3764705882352941,0.9294117647058824,0.039796935362462586,-0.007820443199865051,0.004408460336068787
2026-07-01,40.0,0.1,0.775,0.0196320334052804,-0.03574074918498067,-0.02031635642986529
2026-07-02,7.0,0.14285714285714285,0.7142857142857143,0.002579877573991553,-0.03296353797470302,0.0036585668544764083
2026-07-03,43.0,0.23255813953488372,0.8372093023255814,0.030641856290127664,-0.029333337645674827,-0.0005935246461109545
2026-07-06,14.0,0.0,0.42857142857142855,-0.0018717400388990374,-0.06575174963387417,-0.012619888944977231
2026-07-07,16.0,0.3125,0.5,0.021085356733509523,-0.03984916210075765,-0.004851838485905535
2026-07-08,13.0,0.46153846153846156,0.6923076923076923,0.015668633994323937,-0.007359012414734049,0.016547969215891634
2026-07-09,24.0,0.2916666666666667,0.9583333333333334,0.043342753843575554,-0.014808341519460708,-0.010015879740077671
2026-07-10,8.0,0.375,0.5,0.0077158995562822685,-0.01887549655806306,-0.020612287796284434
2026-07-13,12.0,0.3333333333333333,0.75,0.031845993856742555,-0.005670587199955668,0.013628733273885363
2026-07-14,22.0,0.36363636363636365,0.7727272727272727,0.03340232422797924,-0.014508130018082306,-0.00291142463191274
2026-07-15,17.0,0.23529411764705882,0.9411764705882353,0.017331388460084935,-0.013239124315020815,-0.018497919394880213
2026-07-16,16.0,0.0625,0.6875,0.0044335014149234075,-0.06379509945141949,-0.030460461414430706
2026-07-17,6.0,0.8333333333333334,1.0,0.06882075822726756,0.043736808841342976,0.008535791612980459
2026-07-20,27.0,0.3333333333333333,0.7037037037037037,0.013579566038397257,-0.011379748557504623,0.017935979432496918
2026-07-21,52.0,0.21153846153846154,0.5961538461538461,0.01873569108158449,-0.018953480743282534,0.0006883398846384559
2026-07-22,19.0,0.21052631578947367,0.5263157894736842,0.020266020044193117,-0.011433372700261691,0.002521314807487851
2026-07-23,18.0,0.1111111111111111,0.5,0.012718206454827864,-0.03884697119873568,-0.01614226239301697
2026-07-24,1.0,0.0,0.0,-0.05931758530183717,-0.20000000000000007,0.011548948665513148
2026-07-27,80.0,0.175,0.7,0.013845281506277115,-0.027665332491123247,-0.01164776777036225
2026-07-28,7.0,0.7142857142857143,0.8571428571428571,0.02443759337250035,-0.016965331871707155,0.003975548801435025
2026-07-29,27.0,0.3333333333333333,0.8148148148148148,0.02607030478755777,-0.015524440567225371,-0.0062113585844997266
2026-07-30,16.0,0.1875,0.8125,0.014896095939086716,-0.007830288525683501,0.007246319673876123
2026-07-31,33.0,0.3939393939393939,0.7272727272727273,0.012086767768338539,-0.006503525016851707,-0.005897303418870403
2026-08-03,64.0,0.796875,0.984375,0.029738665888623658,0.016304495555730398,0.0033126315734213208
2026-08-04,112.0,0.8303571428571429,0.9464285714285714,0.044227939148154885,0.027426493449704582,0.014690184915809423
2026-08-05,201.0,0.5970149253731343,0.8955223880597015,0.02801933735812765,0.007616784226702487,0.005651771464226574
2026-08-06,127.0,0.8818897637795275,0.9291338582677166,0.052301506805883975,0.03735309659270662,0.01017600984527034
2026-08-07,284.0,0.46830985915492956,0.9436619718309859,0.028425076419911592,0.0007034240931726881,0.0067385102689312415
2026-08-10,109.0,0.2018348623853211,0.7064220183486238,0.016273344437592884,-0.015845909387619758,-0.008193435671445704
2026-08-11,26.0,0.5,0.8076923076923077,0.02784173995510448,-0.002000581249511182,0.0032002318198107726
2026-08-12,119.0,0.2184873949579832,0.9747899159663865,0.036297417107855626,-0.017144511865504645,-0.004996604741200117
2026-08-13,7.0,0.0,0.5714285714285714,-0.0009210286200465838,-0.03911717440607073,5.602297960760616e-05
2026-08-14,93.0,0.8387096774193549,0.946236559139785,0.04720735310790818,0.036035666887718566,0.014124639053977761
2026-08-17,194.0,0.4484536082474227,0.9072164948453608,0.02633108349204936,0.001736250477638019,0.0019208316070957743
2026-08-18,55.0,0.05454545454545454,0.2727272727272727,-0.007813938145689599,-0.08448192524542858,-0.024028268551236742
2026-08-19,3.0,0.0,0.0,-0.008172169895633038,-0.054297420643372694,0.002388032107476734
2026-08-20,21.0,0.23809523809523808,0.6666666666666666,0.018167473138250973,-0.013080189867718629,0.0003791255520375625
